{"data_time": 0.0008770379999987199, "eta_seconds": 829.0428506820006, "fast_rcnn/cls_accuracy": 0.046875, "fast_rcnn/false_negative": 0.078125, "fast_rcnn/fg_cls_accuracy": 0.06066176470588235, "iteration": 19, "loss_box_reg": 0.4861563891172409, "loss_cls": 2.544516921043396, "loss_mask": 0.6925521492958069, "loss_rpn_cls": 3.791970133781433, "loss_rpn_loc": 0.5374332964420319, "lr": 1.9981e-06, "mask_rcnn/accuracy": 0.5335220025510204, "mask_rcnn/false_negative": 0.5049743561719429, "mask_rcnn/false_positive": 0.2909928716508043, "roi_head/num_bg_samples": 96.0, "roi_head/num_fg_samples": 32.0, "rpn/num_neg_anchors": 128.0, "rpn/num_pos_anchors": 128.0, "time": 10.235096922000007, "total_loss": 8.034718170762062}
