{"data_time": 0.0008770379999987199, "eta_seconds": 829.0428506820006, "fast_rcnn/cls_accuracy": 0.046875, "fast_rcnn/false_negative": 0.078125, "fast_rcnn/fg_cls_accuracy": 0.06066176470588235, "iteration": 19, "loss_box_reg": 0.4861563891172409, "loss_cls": 2.544516921043396, "loss_mask": 0.6925521492958069, "loss_rpn_cls": 3.791970133781433, "loss_rpn_loc": 0.5374332964420319, "lr": 1.9981e-06, "mask_rcnn/accuracy": 0.5335220025510204, "mask_rcnn/false_negative": 0.5049743561719429, "mask_rcnn/false_positive": 0.2909928716508043, "roi_head/num_bg_samples": 96.0, "roi_head/num_fg_samples": 32.0, "rpn/num_neg_anchors": 128.0, "rpn/num_pos_anchors": 128.0, "time": 10.235096922000007, "total_loss": 8.034718170762062}
{"data_time": 0.0008774530000010827, "eta_seconds": 414.54643612599983, "fast_rcnn/cls_accuracy": 0.015625, "fast_rcnn/false_negative": 0.0, "fast_rcnn/fg_cls_accuracy": 0.0, "iteration": 19, "loss_box_reg": 0.3946889191865921, "loss_cls": 2.7203348875045776, "loss_mask": 0.6919271945953369, "loss_rpn_cls": 3.9289318323135376, "loss_rpn_loc": 0.36770200729370117, "lr": 1.9981e-06, "mask_rcnn/accuracy": 0.5170200892857142, "mask_rcnn/false_negative": 0.4467793783599737, "mask_rcnn/false_positive": 0.5445317301014905, "roi_head/num_bg_samples": 48.0, "roi_head/num_fg_samples": 16.0, "rpn/num_neg_anchors": 128.0, "rpn/num_pos_anchors": 128.0, "time": 10.110888685999996, "total_loss": 8.620551124215126}
{"data_time": 0.0008390360000305463, "eta_seconds": 214.29741744600003, "fast_rcnn/cls_accuracy": 0.0390625, "fast_rcnn/false_negative": 0.0, "fast_rcnn/fg_cls_accuracy": 0.0625, "iteration": 39, "loss_box_reg": 0.6345658600330353, "loss_cls": 2.6416475772857666, "loss_mask": 0.6907064914703369, "loss_rpn_cls": 1.9160598516464233, "loss_rpn_loc": 0.3183748796582222, "lr": 3.9961e-06, "mask_rcnn/accuracy": 0.6932796556122449, "mask_rcnn/false_negative": 0.08919577025874466, "mask_rcnn/false_positive": 0.683960363091602, "roi_head/num_bg_samples": 48.0, "roi_head/num_fg_samples": 16.0, "rpn/num_neg_anchors": 128.0, "rpn/num_pos_anchors": 128.0, "time": 10.375168860499997, "total_loss": 6.4207185953855515}
{"data_time": 0.0008693389999905321, "eta_seconds": 10.147818897000008, "fast_rcnn/cls_accuracy": 0.1015625, "fast_rcnn/false_negative": 0.125, "fast_rcnn/fg_cls_accuracy": 0.0, "iteration": 59, "loss_box_reg": 0.6715517938137054, "loss_cls": 2.503255009651184, "loss_mask": 0.6887227892875671, "loss_rpn_cls": 0.8802759051322937, "loss_rpn_loc": 0.4233117401599884, "lr": 5.9941e-06, "mask_rcnn/accuracy": 0.7451769770408163, "mask_rcnn/false_negative": 0.008306715250835994, "mask_rcnn/false_positive": 0.8075664739054944, "roi_head/num_bg_samples": 48.0, "roi_head/num_fg_samples": 16.0, "rpn/num_neg_anchors": 128.0, "rpn/num_pos_anchors": 128.0, "time": 10.015821627499975, "total_loss": 5.058768585324287}
{"data_time": 0.0009869454999957838, "eta_seconds": 422.36957152649995, "fast_rcnn/cls_accuracy": 0.0, "fast_rcnn/false_negative": 0.0, "fast_rcnn/fg_cls_accuracy": 0.0, "iteration": 19, "loss_box_reg": 0.40474833548069, "loss_cls": 2.7100077867507935, "loss_mask": 0.6940868496894836, "loss_rpn_cls": 4.766289949417114, "loss_rpn_loc": 0.5900981724262238, "lr": 1.9981e-06, "mask_rcnn/accuracy": 0.42801339285714285, "mask_rcnn/false_negative": 0.6858199307619846, "mask_rcnn/false_positive": 0.2517998670552743, "roi_head/num_bg_samples": 24.0, "roi_head/num_fg_samples": 8.0, "rpn/num_neg_anchors": 128.0, "rpn/num_pos_anchors": 128.0, "time": 10.301696866499999, "total_loss": 9.038291087374091}
{"data_time": 0.0010223810000127287, "eta_seconds": 206.21254968300047, "fast_rcnn/cls_accuracy": 0.0, "fast_rcnn/false_negative": 0.0, "fast_rcnn/fg_cls_accuracy": 0.0, "iteration": 39, "loss_box_reg": 0.5600561201572418, "loss_cls": 2.6443997621536255, "loss_mask": 0.6929910182952881, "loss_rpn_cls": 2.4858148097991943, "loss_rpn_loc": 0.4638199210166931, "lr": 3.9961e-06, "mask_rcnn/accuracy": 0.5275031887755102, "mask_rcnn/false_negative": 0.5279441387593269, "mask_rcnn/false_positive": 0.36020895167148903, "roi_head/num_bg_samples": 24.0, "roi_head/num_fg_samples": 8.0, "rpn/num_neg_anchors": 128.0, "rpn/num_pos_anchors": 128.0, "time": 9.507271600000024, "total_loss": 6.763099491596222}
{"data_time": 0.0010149864999959846, "eta_seconds": 9.554992942000041, "fast_rcnn/cls_accuracy": 0.09375, "fast_rcnn/false_negative": 0.0, "fast_rcnn/fg_cls_accuracy": 0.0, "iteration": 59, "loss_box_reg": 0.6300368309020996, "loss_cls": 2.530562162399292, "loss_mask": 0.6895468533039093, "loss_rpn_cls": 0.7857123911380768, "loss_rpn_loc": 0.24588537216186523, "lr": 5.9941e-06, "mask_rcnn/accuracy": 0.6862244897959183, "mask_rcnn/false_negative": 0.2762047050334422, "mask_rcnn/false_positive": 0.42539597967301435, "roi_head/num_bg_samples": 24.0, "roi_head/num_fg_samples": 8.0, "rpn/num_neg_anchors": 128.0, "rpn/num_pos_anchors": 128.0, "time": 9.064735641499993, "total_loss": 4.94710897654295}
{"data_time": 0.0009812005000071622, "eta_seconds": 350.8909482305002, "fast_rcnn/cls_accuracy": 0.15625, "fast_rcnn/false_negative": 0.125, "fast_rcnn/fg_cls_accuracy": 0.125, "iteration": 19, "loss_box_reg": 0.6399931013584137, "loss_cls": 2.4282439947128296, "loss_mask": 0.6924619674682617, "loss_rpn_cls": 3.6974170207977295, "loss_rpn_loc": 0.4110337346792221, "lr": 1.9981e-06, "mask_rcnn/accuracy": 0.5404974489795918, "mask_rcnn/false_negative": 0.4962490275760395, "mask_rcnn/false_positive": 0.343803071364047, "roi_head/num_bg_samples": 24.0, "roi_head/num_fg_samples": 8.0, "rpn/num_neg_anchors": 131.0, "rpn/num_pos_anchors": 125.0, "time": 8.558315810500005, "total_loss": 7.810714855790138}
{"data_time": 0.00103968299998769, "eta_seconds": 200.3179773944999, "fast_rcnn/cls_accuracy": 0.28125, "fast_rcnn/false_negative": 0.1875, "fast_rcnn/fg_cls_accuracy": 0.0, "iteration": 39, "loss_box_reg": 0.6418026387691498, "loss_cls": 2.3597999811172485, "loss_mask": 0.6920288503170013, "loss_rpn_cls": 2.120736002922058, "loss_rpn_loc": 0.15441679954528809, "lr": 3.9961e-06, "mask_rcnn/accuracy": 0.5533322704081632, "mask_rcnn/false_negative": 0.42091743022170014, "mask_rcnn/false_positive": 0.417712919647771, "roi_head/num_bg_samples": 24.0, "roi_head/num_fg_samples": 8.0, "rpn/num_neg_anchors": 148.5, "rpn/num_pos_anchors": 107.5, "time": 10.502093403000003, "total_loss": 6.10342762619257}
{"data_time": 0.0009847665000393135, "eta_seconds": 9.536847455000022, "fast_rcnn/cls_accuracy": 0.5, "fast_rcnn/false_negative": 0.375, "fast_rcnn/fg_cls_accuracy": 0.125, "iteration": 59, "loss_box_reg": 0.597422331571579, "loss_cls": 2.2641665935516357, "loss_mask": 0.6909655034542084, "loss_rpn_cls": 0.7705164849758148, "loss_rpn_loc": 0.16159270331263542, "lr": 5.9941e-06, "mask_rcnn/accuracy": 0.6808035714285714, "mask_rcnn/false_negative": 0.25143317671643023, "mask_rcnn/false_positive": 0.5096101298213791, "roi_head/num_bg_samples": 24.0, "roi_head/num_fg_samples": 8.0, "rpn/num_neg_anchors": 158.5, "rpn/num_pos_anchors": 97.5, "time": 9.509040735000013, "total_loss": 4.855481754988432}
{"data_time": 0.0009600125000019943, "eta_seconds": 394.5473700670001, "fast_rcnn/cls_accuracy": 0.1875, "fast_rcnn/false_negative": 0.375, "fast_rcnn/fg_cls_accuracy": 0.0, "iteration": 19, "loss_box_reg": 0.3470102995634079, "loss_cls": 2.4233357906341553, "loss_mask": 0.6920199394226074, "loss_rpn_cls": 3.539354681968689, "loss_rpn_loc": 0.4258244186639786, "lr": 1.9981e-06, "mask_rcnn/accuracy": 0.5081313775510203, "mask_rcnn/false_negative": 0.54275462112423, "mask_rcnn/false_positive": 0.38977593360995855, "roi_head/num_bg_samples": 24.0, "roi_head/num_fg_samples": 8.0, "rpn/num_neg_anchors": 138.0, "rpn/num_pos_anchors": 118.0, "time": 9.623106587000002, "total_loss": 7.761256240308285}
{"data_time": 0.001020145499978753, "eta_seconds": 209.1583604879997, "fast_rcnn/cls_accuracy": 0.34375, "fast_rcnn/false_negative": 0.5, "fast_rcnn/fg_cls_accuracy": 0.0, "iteration": 39,